time	case	agent	idea	before	after	status	lesson
2026-09-18T10:09:05Z	drone	lead-r1	baseline det_eval.py (frozen, branch drone) q1_best.pt frames 4 12 (20 absent in worker data) on gpu2	-	L0 1.000 L1 1.000 L2 0.972 (mean 0.991)	audit	det_eval is saturated (holdout frames share the 16 instances+background with training cut-outs) while platform validation is 0.089: it cannot rank detectors; need an unseen-background, leave-block-out scorer
2026-09-18T12:16:37Z	drone	fast-lane	FL-r1-A / A3 (size prior + cap k=1 on SAFER, drone/variants.py applied after tracker.outputs/report_score)	0.564	0.576+-0.127	discard	4 variants scored together in one no-harm gate (gate_fastr1a.py, base+4 vs SAFER helsi); gain 0.012 << 2se(0.127), no variant clears noise
2026-09-18T12:16:37Z	drone	fast-lane	B2 (Track.CONFIRM_HITS 2->3, env DRONE_CONFIRM_HITS=3, on SAFER)	0.519	0.543+-0.06	discard	base+B1-B4 in one shared gpu3 run, same v2 weights/recorded views; gain 0.024 < 2se(0.12); VERIFY_W=0.1 not re-swept, so not a clean confirm
2026-09-18T12:46:35Z	drone	fast-lane	FL-r2-A / A3 (DRONE_IMGSZ 1536 @ L0 only, on SAFER v2; 4 detector-knob variants+base via optional kwargs on YoloDetector, drone/detector.py, defaults/build_detector()/production untouched)	0.9453	0.9487+-0.0024	discard	gain 0.0034 << 2se(0.0048), no variant clears noise; imgsz bump at L0 not worth the cost
2026-09-18T12:46:35Z	drone	fast-lane	FL-r2-B / B3 (DRONE_MISS_W=3.0 + DRONE_CONFIRM_HITS=3 stacked on r1-B2 SAFER; 3 new env tracker-trust knobs on drone/tracker.py incl. DRONE_LW0 as Track class attr)	0.471	0.517+-0.041	discard	gain 0.046 < 2se(0.082); stacking r1-B2 knobs with miss-weight/confirm-hits tweak still within noise
2026-09-18T10:55Z	drone	drone-bringup-1	deploy YOLO11s v2 (synthetic 9.7k views, imgsz 1280) weights /workspace/drone_weights/v2.pt on live server (port 22)	local 0.785 offline(q1 ref n/a) / validation 0.089 (q1)	local offline 0.785, realtime 0.571; validation 0.0941; p50 74 ms/frame	keep	local helsinki score is meaningless (training cut-outs share instances); validation flight is a different city: FP flood on urban clutter (mine_roller/small_plane on cars), real objects missed at L1, hangar+medium_launcher AP 0 even locally
2026-09-18T11:16Z	drone	drone-main-r1-2	SAFER: confirmation-tiered scores (unconfirmed x0.15; confirmed = hits>=2 or L2 conf>=0.5), noisy-OR x hit-ratio score, L2 verify bonus 0.1, cap 100/frame	validation base 0.1008 (same relay route, same hour)	validation 0.1317; oracle offline 0.761 vs 0.796 (VW=0: 0.792); v2 local offline 0.779 vs 0.785, realtime 3x mean 0.487 vs 0.525 (noise +-0.06)	keep	persistence-ranked precision helps on the unseen city (+0.03 validation, single run each) while local Helsinki/oracle cannot see it (recall-limited); planner verify bonus >=0.5 hurts coverage in oracle
2026-09-18T12:45Z	drone	I4Foundati-g1-1	DINOv2-S/14 prototype verifier on v2 L1/L2 boxes (conf .05): keep YOLO class, conf=conf^.5*p_proto(class)^.5 (T=.03), drop if p_bg>.5; bank = 6464 Helsinki cut-out prototypes on Helsinki/LoveDA bg + 2461 bg (LoveDA/Helsinki FPs + random Helsinki); env DRONE_VERIFY=/workspace/i4/bankAll.pt; gpu3 direct TCP 194.68.245.208:22080/22081	validation same pod: v2 0.108 0.099; SAFER(drone-main-r1-2) 0.104 0.104; val-tiles miniAP 0.522; local offline 0.785	validation: v2+verify 0.128 0.160 0.118; SAFER+verify 0.171 0.129 (all 9 runs 12:17-12:45Z; verify mean 0.141 vs 0.104, +0.037, se~0.010); miniAP 0.715 (15/15 TP kept); eval_verify comp A/B 0.753/0.675 vs 0.753/0.672; local offline 0.766 rt 0.536/0.569 vs 0.566/0.558; det +10 ms p50	keep (handoff, not audited)	foundation-feature verification works as a re-scorer, not as a classifier: prototype argmax class is worse than YOLO (68-81% vs 73-100%) but p(YOLO class) demotes roof/car mine_roller from .83 to <.12; a bg bank built from other validation-city runs deletes the real assets (0-3/15 TP kept) - never bank target-city views; local helsinki drops 0.02 (in-distribution for YOLO)
2026-09-18T12:59:30Z	drone	evolve	I1 Synthetic YOLO g1-2: LoVeDA background-only hard negatives (drone/mine_hardneg.py, branch drone-evolve-g1-1)	0.0941	0.0895+-0.001	discard	Removing FPs on proxies did not carry over to the new-city validation; synthetic negatives don't fix domain shift
2026-09-18T12:59:30Z	drone	evolve	I3 Target-domain g1-3: temporal re-scorer (branch drone-evolve-g1-2)	0.730	0.729+-0.02	discard	Only a helsinki offline no-harm check (no FP flood there), no platform number; needs validation before it can count
2026-09-18T12:59:30Z	drone	evolve	I4 Foundation g1-1: DINOv2-S/14 prototype verifier (re-scores, keeps the YOLO class) + SAFER (branch drone-evolve-g1-3)	0.1036	0.1412+-0.0098	keep	A frozen foundation-feature verifier cuts city FPs (holdout 0.871 vs 0.811, audit pass); prototype-argmax class hurt, re-score only; MERGED 25b0fe1, prod redeployed
2026-09-18T13:10Z	drone	fast-lane	drone-fast-r3-1 FL-r3-A: soft class hedge, medium_plane -> +small_plane copy @0.5x conf	0.2719	0.2799+-0.003	discard	Raw diff looks best but fails FL-r3 keep rule (not a CONFIRMED keep vs base by >2 se per rule, base=SAFER a2e63304, scorer=drone/valcity/replay_boot.py unmodified upstream score, scene valcity_v1_core, 15-frame block bootstrap NBOOT=3); soft class hedging alone is not enough to confirm
2026-09-18T13:08:32Z	drone	bigbets	B1 valcity v1: labels + reconstructed 4K frames + paired bootstrap ranking gate (drone-bigbet-1 c43b15f)	0.223	0.2719+-0.062	discard	Answer-layer variants were not better than the best; keep valcity replay_boot as the team's honest ranking scorer (single-city, rank only)
2026-09-18T13:08:32Z	drone	bigbets	B2 it3: training-free crispness + clean-fold DINO re-gated on top of the I4 verifier (drone-bigbet-2 3905f26)	0.831	0.807+-0.053	discard	I4 already captures the DINO-verifier gain; crispness adds nothing (<1 se); B2 closed
2026-09-18T13:39:04Z	drone	confirm	drone-fast-r4-2 B3 DRONE_NEW_THR 0.25->0.12 confirmation on gpu3 (idle-ish, interleaved, ports 9481/9482, Helsinki local_evaluator)	0.538 (rt x4: .522/.546/.561/.522; off .760)	0.496 (rt x4: .532/.506/.539/.407; off .779)	fail	Valcity +0.077 and offline +0.019 do not carry to realtime: cand wins 1/4 interleaved pairs, mean -0.042; 0 invalid/timeouts either arm. Do not deploy on offline/valcity alone
2026-09-18T14:21:51Z	drone	confirm	drone-fast-r5-1 A4 (DRONE_HEDGE_PRE condor:jet_plane,medium_plane:small_plane + DRONE_VERIFY_A=0.7) validator confirm on gpu3 (both servers up together, ABBA x6, ports 9171/9172, Helsinki local_evaluator)	0.413 (rt x6: .498/.362/.344/.383/.328/.561; off .760)	0.419 (rt x6: .317/.323/.359/.407/.567/.539; off .779)	fail	Realtime paired diff +0.006+-0.058 (0.1se), cand wins 3/6 pairs; spread tracks frames-sent (6-14 of 20, shared-pod load), not the variant. Offline +0.019 is the known a=0.7 effect. 0 invalid/http errors/unanswered either arm. Not clearly better in realtime
2026-09-18T14:39:10Z	drone	fast-lane	drone-fast-r6-1 FL-r6-A/A3: shadow-tracker relaxed-pruning knob on R_FBH floor band (offline gate on gpu3, dir fl_r6a_drone-fast-r6-1)	0.3617	0.3859+-0.0061	discard	FAIL: offline-only gain, server.py unchanged (still one production Tracker(), no shadow wired in) so a realtime run could not show it; confirm before merge, not just gate
2026-09-18T14:39:10Z	drone	fast-lane	drone-fast-r6-2 FL-r6-B: B1 mixed hedge tiers (best of B1-B4, offline cached cycle-4 route_probe outputs, branch a8fce31)	0.36165	0.363925+-0.00149	discard	Gain (~0.1se) too small to clear FL-r6 keep rule; none of B1-B4 confirmed, close batch
2026-09-18T13:43Z	drone	I1Syntheti-g2-1	(a) r11 weights replacing v2 inside champion stack (SAFER + DINOv2 verifier bankAll): offline causal replay (drone/replay_causal.py) of 3 recorded validation flights, frames 1-150, valcity_core replay_boot	v2+ver 0.264/0.291/0.310	r11+ver 0.142/0.131/0.161 (diff -0.12/-0.16/-0.15, 2-3se each); post-verifier det@.25/view L1 1.05->0.50, L2 0.07->0.00	discard	r11 is not a better v2: it gains small_plane (0.30->0.76-0.88), helicopter (0->0.3-0.5), jet_plane but LOSES hangar/small_tower/tank/ta-ta to ~0 (r11 excluded frames>=20 i.e. all hangar cut-outs). Complementary, not better.
2026-09-18T13:43Z	drone	I1Syntheti-g2-1	(b) class-routed 2-detector: v2 for all classes except helicopter/jet_plane/small_plane which come from r11 (detector.py RoutedDetector, env DRONE_WEIGHTS2=/workspace/drone_weights/r11.pt DRONE_ROUTE2 default), + SAFER + verifier bankAll; route classes picked on recording 5fd5807b; gpu3 direct TCP 194.68.245.208:22081	champion same pod interleaved: 0.1351/0.1197/0.1160 = 0.1236+-0.0059; valcity v2+ver 0.264/0.291/0.310	0.1615/0.1501/0.1261 = 0.1459+-0.0105; paired diff +0.0223+-0.0062 (3/3 pairs positive); valcity replay +0.100/+0.084/+0.092 (3.8/3.1/4.2se, 3 recordings); helsinki local offline 0.760 vs 0.760, realtime 0.527/0.485 vs 0.515/0.488; server p50 79 vs 72 ms (+7ms, over the +5 gate), p90 91 vs 89; 1 network timeout (f70, server 74ms)	keep	two synthetic detectors trained on different cut-out sets are class-complementary on the new city; route by class instead of replacing weights. HANDOFF to merge authority: branch drone-evolve-g2-2
2026-09-18T14:44:46Z	drone	evolve	drone-evolve-g2-1 [I4 Foundation verifier, I4Foundati-g2-1]: Verifier.rescore refactor + DRONE_VERIFY_NOPROTO soft knob	0.1413	0.1389+-0.0084	discard	Soft handling of no-prototype classes does not beat the champion on validation; refactor is behaviour-neutral
2026-09-18T14:44:46Z	drone	evolve	drone-evolve-g2-2 [I1 Synthetic YOLO, I1Syntheti-g2-1]: class-routed v2+r11 (r11 for helicopter/jet_plane/small_plane) inside SAFER+I4 stack; r11 full swap discarded	0.1236	0.1459+-0.0105	keep	Route a retrain only for the classes it improves; full swap loses. Audit tie 0.871 on holdout, +7ms p50. MERGED 435b191 + deployed
2026-09-18T14:44:46Z	drone	evolve	drone-evolve-g2-3 [T-main answer layer, TmainProdu-g2-1]: DRONE_NEW_THR=0.12 with L0 kept at 0.25 on champion	0.1497	0.1193+-0.0116	discard	Lower track-birth threshold loses on the platform although valcity replay said win; valcity mis-signs birth thresholds
2026-09-18T14:50:00Z	drone	bigbets	B3 target-domain fine-tune: v2 fine-tuned on recorded valcity views frames<=150 (v1_core labels + ignore masks for unlabelled clusters, synth replay 2400 views, 10 ep), branch drone-bigbet-3 2152e9e, weights gpu4 /workspace/bb3/ftAll_last.pt	A/B frame-split validation all-v2 0.1295+-0.0081 (5 runs)	split (B3 for frames>=181) 0.1886+-0.0115, paired +0.059+-0.007 (5/5 pairs, 8.7se); folds A 0.080->0.333 / B 0.379->0.434 view mAP; helsinki offline 0.765 vs 0.760; p50 72 ms	keep (handoff, needs Helsinki-holdout audit)	real target-domain views beat synthetic cut-outs by a wide margin on unseen frames; classes absent from the target labels can be forgotten (large_launcher fold B), so audit per-class on Helsinki holdout
2026-09-18T15:20:56Z	drone	fast-lane	drone-fast-r1-1 [A4 ghost-report, FL-r1-1]: Tracker.ghost_report / DRONE_GHOST_REPORT=1 on production stack (routed v2+r11 + SAFER + I4 verifier); worktree wf_5b8cdf0b-daf-2, commits 4999861+e9b67dd	0.3133	0.3343+-0.0048	discard	Ghost-report gain not confirmed as a real win over base per outcome review; needs a proper paired re-check before reconsidering.
2026-09-18T15:20:56Z	drone	fast-lane	drone-fast-r1-2-fr1b [B1 verifier drop -> floor]: verifier score floor fallback on production stack (routed v2+r11 + I4 DIN); branch renamed to avoid collision with unrelated ledgered drone-fast-r1-2 work	0.3256	0.3266+-0.0004	discard	Verifier-drop-to-floor delta is within noise (sub-2se over an unstated-uncertainty base); not a real win.
2026-09-18T16:06:16Z	drone	fast-lane	drone-fast-r2-1-fr2c [FL-r2-A I4 verifier knob sweep, arm A4 DRONE_VERIFY_A 0.5->0.7] on production stack	0.3254	0.362725+-0.0049	handed-off	Confirmation passed; holdout audit TIE (no harm only, gain not confirmed on holdout).
2026-09-18T16:11:50Z	drone	evolve	drone-evolve-g3-1 [T-main, R_FBH floor-band package, DRONE_FLOOR=1] platform split-frame A/B	0.1783	0.1743+-0.0133	discard	R_FBH valcity-replay gains (+0.064) do not transfer to platform (paired -0.004+-0.010); replay overstates floor-band gains.
2026-09-18T16:11:50Z	drone	evolve	drone-evolve-g3-2 [I3, bigbet-3 fine-tune over routed production stack] platform split-frame A/B	0.1635	0.1874+-0.014	discard	Fine-tune adds only +0.024 (1.7se, 3/4) over routed stack vs +0.059 over v2 alone; gains overlap with r11 routing; needs more pairs + holdout audit.
2026-09-18T16:11:50Z	drone	evolve	drone-evolve-g3-3 [T-alt, exemplar NCC verification] valcity_v1_plus replay 8 traj	0.3124	0.2957+-0.0044	discard	Template NCC re-scoring hurts production detections on replay (-0.017); exemplar matching not competitive with I4 verifier.
2026-09-18T17:06:36Z	drone	bigbets	B3 routed (drone-bigbet-1 1653a2c): v2 + r11 heli/jet + B3 ftAll_last for small_plane,tank,mine_roller,ta-ta; split A/B vs prod 435b191	0.0951	0.0896+-0	discard	INCONCLUSIVE x3; the only pair was measured under GPU contention and is invalid; no handoff
2026-09-18T17:06:36Z	drone	bigbets	B5 it2 (drone-bigbet-2-b5 a0605a4): 100% target-city inpaint+paste replay + seed replicate, class-held-out proxy	0.174	0.2527+-0.03	discard	Proxy gain not confirmed; B5 closed
2026-09-18T17:10:18Z	drone	evolve	evolve-g1 scribe [R1 I4 VERIFY_A=0.7 / R2 I3-TTA AdaBN / R3 T-main L2 re-looks]: audit found no candidate beating best by >2 se	0.1459+-0.0105	-	discard	Gen 1 (relaunch) flat: no island beat prod 435b191 by >2 se; no merge, no redeploy
2026-09-18T19:18:13Z	drone	bigbets	A it4 (drone-bb1-dense-it4 2a8f1c0): c1b3 flight-start L1 raster (DRONE_RASTER=c1b3) valid realtime A/B	0.4957	0.5337+-0.0055	discard	Independent confirm rerun did not reproduce the realtime win (offline replicates exactly, no invalid responses). gpu5 has a cgroup CPU quota (7.65 cores) and is throttled, so realtime A/B there is unreliable. Not handed off; rerun it on an unthrottled pod before any handoff.
2026-09-19T11:10	drone	fable-session	[ft_all] YOLO11s v2 fine-tuned 10 ep on 1007 recorded validation-city views (frames <= 150, 8 recordings, v1_plus labels via bb3 targets + ignore masks) mixed 1:3 with 9000 synthetic views (drone/bb3/rebuild_ft_gpu.sh + train_ft5.py on POD=gpu); arms served from port 22 with tools/drone_arms.sh	production 0.146 (ledger), leaderboard best 0.2602 (mariusrp modal server)	L (unrouted, verifier on) 0.4080; L0 (unrouted, verifier OFF) 0.4213; LR (+ r11 routing) 0.3475; S (split 181: prod < 181, ft >= 181) 0.1572	keep L0 (new leaderboard best 0.4213)	real recorded views of the flown city are the lever (README allows recording); the DINOv2 verifier and r11 routing both HURT the fine-tuned model (its own classes are better than r11's, and the Helsinki prototype bank demotes valcity variants); the honest split arm says ~+0.01 on unseen frames of the same flight (~+0.04 full-flight equivalent), so most of the gain is instance fit and the final-city transfer is small but non-negative
2026-09-19T11:45	drone	fable-session	[ft2 round 2] ft_all fine-tuned 6 more epochs (lr 0.0015) on v1_plus2 labels (+7 eye-verified spacecraft, small_plane #4, jammer; 934 pos boxes) + synthetic; arms: R2 = ft2 alone unrouted no verifier; U2/U2v = UnionDetector(production routed v2+r11, ft2) without/with verifier	L0 0.4213 (round 1)	R2 0.3789; U2 0.3110; U2v 0.3528	discard (L0 stays served on port 22)	the union pools production's clutter FPs on the flown city and loses 0.07-0.11, so it is no hedge for the final; round 2's extra labels gave no visible gain (single-run noise ~+-0.04; spacecraft/jammer may be absent from the platform GT, in which case they are free but useless). Without frames 151-249 the leaderboard cap is roughly 0.6 x (frames we train on) + 0.4 x production ~ 0.45-0.5
2026-09-19T11:50	drone	fable-session	[Lb/L0b] repeats of the round-1 arms (verifier on / off)	L 0.4080 / L0 0.4213	Lb 0.4035 / L0b 0.4334 (new leaderboard best)	keep L0 config served on port 22	fine-tune arms repeat within +-0.01 (the platform's historical 0.10-0.20 spread came from contended pods, not the scorer); verifier off is +0.02-0.03 on the flown city; round 2 (0.379) is a real loss, not noise
2026-09-19T12:00	drone	fable-session	[T15/T35/L0c] track-birth threshold on the round-1 fine-tune (DRONE_NEW_THR 0.15 / 0.35 vs 0.25) + a third L0 repeat	L0 0.4213 / 0.4334	T15 0.4334; T35 0.4220 (1 error); L0c 0.4022	discard (0.25 stays)	flat inside the +-0.02 run spread (L0 runs 0.402-0.433); with frames <= 150 the fine-tune is capped at ~0.42; the remaining headroom is frames 151-249 (decision pending) or model capacity (yolo11m run started 12:00)
2026-09-19T22:05	drone	table-v2-builder	[table v2] replay table rebuilt with 702 native-L2 survey views (7 models x 960/1280/1920 + 3 x 2560), L2 vote weight 1.5, eye pass on ~310 native-L2 crop sheets (227 blurry-terrain clusters -> support 0.02, 2 large_tower + 2 medium_launcher + 2 extra small_launcher + mine_roller/tank/jammer objects added/reclassified, spacecraft boulders demoted); alternatives boxL2/norun/keepspc/strict	v1 portal 0.527 (eye GT 0.982)	v2 eye GT 0.903 (0.985 w/o the unsure spacecraft labels); portal pending (orchestrator)	pending A/B	placed 3D models are crisp, photogrammetry clutter is blurry at native L2: most late ta-ta/mine_roller/jammer clusters of v1 were roofs/bushes; L2 detector boxes are too tight for small_launcher (Helsinki GT is loose)
2026-09-19T22:27	drone	table-v2-builder	[table v2b] v2 + second eye pass (47 more clutter clusters demoted) + hunt on native-L2 survey overlay sheets: 3 missed crisp objects added as manual clusters (large_launcher t156 x636 123x82 that the detectors only fragmented, large_tower t~242 x400 on a roundabout, tank t84 x2280), one medium_launcher vote; alternatives table_v2b_{boxL2,norun,keepspc,strict}	v2 eye GT 0.903	v2b eye GT 0.890 (lower only because the eye GT lacks the new launcher/tank); portal pending (orchestrator)	pending A/B	the detectors can miss big crisp objects entirely (they fire fragments of other classes instead); a view-by-view scan of the survey L2 views finds them
2026-09-20T00:05	drone	conventions	[table v2b_conv] drone/replay/conventions.py on table_v2b: Helsinki convention (a) GT = full box clipped to the image, every overlapping frame -> border rows re-ranked by visible extent (erf, sigma 4 px) instead of fuse's vis-fraction penalty (96 up >10%, 37 down), clip x2<=3839 y2<=2159 (175 rows), 3 border slivers <4 px added; alt table_v2b_conv_mbox (+ manual large_launcher box x1.12x1.19)	v2b portal 0.6015; eye GT 1-150 0.8904	offline eye GT 0.8915 (+0.0011); portal not run	pending	tables /workspace/replay/tables/table_v2b_conv.json (md5 c0b3e4ca) + _mbox (cee65a44); notes scratchpad results/drone_conventions.md; orchestrator validates
2026-09-20T00:20	drone	table-v3-builder	[table v3] frame-239 stall fix (frame_steps.py: H exact everywhere, 238->239 motion 0 -> manual large_tower box re-referenced to f238, --framemap, frame-239 dup rows), two medium_planes identified (t76.2/t75.1 x2210, Helsinki olive-wingtip+red-spinner model; the 3 red-tailed planes at t127 stay small_plane), 8 clutter demotions, BOX-SCALE HEDGING (0.78x/1.3x copies at conf x0.15) + condor/spacecraft class lottery; full canonical-ground-mosaic hunt over all 733 survey L2 views found no unmodelled object (only distractor cars)	v2b portal 0.6015 (eye GT 1-150 0.9713)	eye GT 1-150: v3 0.9721, v3_300 0.9721, v3_nohedge 0.9721 (hedge conf 0.33 would be 0.9590); portal pending (orchestrator)	pending A/B	tables /workspace/replay/tables/table_v3.json (md5 008ae18d) + table_v3_300.json (bb839851, needs DRONE_MAX_REPORT=300) + table_v3_nohedge.json (26150295); notes scratchpad/results/drone_table_v3.md
2026-09-20T01:25	drone	drone-retrain	[ft5r] v2.pt fine-tuned 20 ep (AdamW lr 0.001, freeze=10, mosaic 0.5, mixup 0.1, imgsz 1280, batch 8) on 2586 recorded views of ALL 249 validation-flight frames labelled from table_v2b (conf>=0.5 pos, 0.15-0.5 painted ignore, <0.15 background = the eye-demoted clutter) + 420 Helsinki L0/L1/L2 tiles (20 of 25 frames) mixed 1:3 with 9000 synthetic (drone/bb3/table_views.py + helsinki_views.py + train_ft5.py); weights /workspace/ft5/runs/ft5r/weights/last.pt	helsinki holdout {4,12,20,22,24}: live ft_all 0.9857 / v2 0.9857; syn1 60 frames: live 0.9998 / v2 0.9999	helsinki holdout ft5r 0.9835 (mAP@.5:.95 0.9404 vs 0.9139/0.9134; FP/frame@0.25 3.8 vs 5.4/6.2; recall 1.000 all); syn1 ft5r 0.9998 (sweep 0.9492 vs 0.9358/0.9498)	discard (no serve)	BOTH offline scenes are SATURATED at mAP@0.5 (3 checkpoints span 0.9835-0.9857 on helsinki and 0.9998-0.9999 on syn1 while their platform scores span 0.146-0.443; recall 1.000 everywhere), so the brief gate is unpassable: ft5r loses by 0.0022 = one spacecraft box. Where numbers do move they favour ft5r (FP/frame 6.2->5.4->3.8 on a different city at equal recall; the IoU sweep recovers the 0.014 of localisation ft_all gave away on syn1) and no class was forgotten. REAL COST: ft5r trained on all 249 frames, so DRONE_SPLIT_FRAME=181 split arms are dead for it - this checkpoint can never be measured honestly on the validation flight again. Notes scratchpad results/drone_retrain.md
2026-09-20T04:49	drone	orchestrator	[table v3 arms] v3 / v3_300 (DRONE_MAX_REPORT=300) / v3_nohedge on the portal	v2b 0.6015	v3 0.6514 (new best, served); v3_300 0.6119; v3_nohedge 0.6035	keep v3	100 boxes/frame with runner-up class hedging is the best serving shape: 300 boxes/frame costs -0.039 (extra candidates outrank true ones inside their class) and dropping the runner-up class copies costs -0.048
2026-09-20T05:05	drone	table-v4-builder	[table v4] v3 + crisp-calibrated auto-demotion of the 263 eye-UNJUDGED top-40 clusters (crisp.py lap/ring < 1.8 on native-L2 views, threshold calibrated on the 43 eye-confirmed vs 287 eye-demoted clusters of overrides_v3; SOFT demotion support x0.3); 0 objects added, 0 classes changed (3 class checks at native L2 all confirmed the table); alternatives table_v4_crisp22 (thr 2.2) and table_v4_lottery (condor/spacecraft class lottery)	v3 portal 0.6514 (LIVE); v2b 0.6015	HELSINKI BOX AUDIT: detectors reproduce the organisers GT box convention at EVERY level - pred/GT w 0.98-1.00 h 0.96-1.01, median IoU 0.906-0.966, frac(IoU<0.5)=0.000, class correct 98-100% (L0/L1/L2 x imgsz 960/1280/1920, 200 untruncated Helsinki GT boxes); per-class sqrt(area) pred/GT 0.94-1.01 incl. medium_launcher 1.01 and small_launcher 0.97. Portal not run (orchestrator)	pending A/B	PRIORITY 3 IS CLOSED: no per-class box rescale is warranted, the loose-GT-vs-rendered-pixels ratios describe the RENDER, not our boxes. STRUCTURAL: helsinki/run_metadata.json = 16 objects, ONE per class, so each class is worth 1/16 = 0.0625 of the score whatever its instance count; our table has 2-6 confident clusters for 14 classes but NOTHING above support 0.23 for spacecraft (max 0.23) and condor (max 0.12) = up to -0.125. Hunts for both failed: every condor-voted cluster >= 85 px has n_l2 = 0 (marina boats at L1, confirmed by eye) while every real big object has n_l2 48-216; the single native-L2 spacecraft-sized candidate (f173 src 1193,1061 39x46 v2 0.77) is the small_tower the table already has at 0.93. Tables /workspace/replay/tables/table_v4.json (md5 6247d3a7) + table_v4_crisp22.json (f5778c91) + table_v4_lottery.json (58941434); notes scratchpad v4/notes.md
2026-09-20T11:30	drone	session-B	[hold181] whole-stack bench: causal replay (replay_multi.py) of the 9 held-out recordings of the validation flight through the production server code, scored on frames 181-249 (new instances for ft_all/v2) with the organisers' local_evaluator.score against table_v3_spc rows at conf>=0.5 (0.2-0.5 ignore); paired bootstrap over recordings (drone/bench/mk_gt.py, score_hold.py, run_hold.sh)	fa = ft_all unrouted no verifier (live weights/shape) 0.1878 aware / 0.0851 agnostic, 12.5 boxes/frame	fav (+verifier) 0.1590 (-0.029 [-0.047,-0.019]); fa_t15 (DRONE_NEW_THR 0.15) 0.2066 (+0.019 [+0.007,+0.028], P>0 1.00); fa_t35 0.1855 (n.s.); v2 0.0975; v2+verifier 0.1238; v2+r11 0.0971; v2+r11+verifier (0.146 platform stack) 0.1238; f5=ft5r 0.666 (trained on these frames); f5+verifier 0.3818	verifier OFF, routing OFF, NEW_THR 0.15 recommended	the verifier only helps the FP-heavy v2 (+0.026) and hurts every fine-tune (ft_all -0.029, ft5r -0.28: the Helsinki bank demotes the flown city's mine_rollers/jammers/small_planes to 0); r11 routing changes nothing; the whole-stack score on new instances equals the detector's recall on them (answer layer cannot recover); a lower birth threshold is the only knob that helps on new instances (0.15-0.25 detections become reported tracks) - the 2026-09-18 platform loss of 0.12 was with v2 at 50 FP boxes/frame
2026-09-20T11:30	drone	session-B	[det_views] detector-only recall/FP on the recorded L1 views of frames 181-249 (481 views, 601 GT boxes; drone/bench/det_views.py) and on the native-L2 survey sweeps (41 boxes), production YoloDetector fast path	ft_all@1280 recall@0.25 0.195 FP/view 1.50 (recall@0.05 0.313); L2 0.29	ft_all@1920 0.168; v2@1280 0.180 FP 6.08; v2@1920 0.115; ft5r@1280 0.917 FP 0.16 (memorised); ft5r@1920 0.895; per class ft_all: jammer 0/183, large_tower 0/25, tank 0.07, mine_roller 0.38, large_launcher 0.16, small_tower 0.90	imgsz stays 1280; planner unchanged	the fine-tune's gain over v2 on new instances of the same city is FP suppression (6.1->1.5/view), not recall; misses are recognition failures that persist at native L2 resolution and at conf 0.05, so neither imgsz nor more zoom nor a lower conf recovers them; ft_all's real labels hold no jammer/large_tower and 7 large_launchers
2026-09-20T12:05	drone	session-B	[ft6s split probe] the ft5r recipe/data (AdamW 1e-3 freeze 10 mosaic .5 mixup .1 imgsz 1280, 1:3 with 9000 synthetic, 420 Helsinki tiles) trained 12 ep on the real views of frames <=150 ONLY (1650 views), so 181-249 are new instances exactly as for ft_all (drone/bench/train_split.sh, eval_split.sh; /workspace/ft6s)	ft_all whole-stack 181-249 0.1878; L1 recall 0.195 FP 1.50	ft6s whole-stack 0.2844 (+0.097 [+0.056,+0.119], P>0 1.00; agnostic 0.229 vs 0.085); 151-249 0.358 vs 0.187; L1 recall@0.25 0.280 FP 0.85, @0.05 0.379; L2 0.39; tank 0.08->0.81, mine_roller 0.31->0.85, but large_launcher 0.40->0.17, small_tower 0.70->0.45; ft6s+NEW_THR 0.15 0.3007 (+0.016 [+0.007,+0.028])	ft5r is the FINAL detector (not ft6s: less data); NEW_THR 0.15 confirmed on the second recipe	the only honest measurement of the ft5r recipe on unseen instances: 1.5x the live stack; it wins where real labels are dense and gives back v2's synthetic knowledge where they are thin, so class coverage of the real labels (ft5r: 11 of 16 classes >= 200) is the lever for a new city
2026-09-20T11:40	drone	session-B	[NEW_THR closed loop] 3 interleaved pairs ft_all NEW_THR 0.25 vs 0.15, organisers' local_evaluator on Helsinki (25 frames, camera follows the server, no clock), production code on spare port 9402 (drone/bench/run_rt.sh ARMS='FA FA15 ...')	0.712 / 0.712 / 0.712 (6-7 tracks/frame)	0.712 / 0.712 / 0.712 (9-10 tracks/frame, identical requested views)	no closed-loop cost	on a city the detector never saw and detects confidently, the extra low-confidence tracks neither steer the planner nor cost AP; the knob only acts where the detector is unsure (new instances), which is the final's regime
2026-09-20T10:50	drone	session-B	[rt smoke] whole-stack smoke test of the FINAL serve shape on spare port 9402 (serve_ft5.sh, no table/record/survey) with the organisers' local_evaluator offline + realtime on Helsinki 25 frames and the 5-frame synthetic holdout scene; pod load 25-31 shared with the medical vLLM	ft_all no verifier: Helsinki 0.712 offline / 0.605 realtime (6 skipped by the pod-local client), synth 0.856, server ms p50 72 p90 139 max 201	ft5r no verifier: 0.723 / 0.616 (6 skipped) / 0.856, p50 73 p90 149 max 272; ft5r+verifier 0.697 / 0.554 / 0.871, p50 85	latency identical, swap carries no realtime risk	ft5r trained on 20 of the 25 Helsinki frames so its Helsinki score is a smoke test only; realtime skips come from the CPU-throttled evaluator client rendering 4K on the pod, the portal answered 248-250/249 at these server latencies in every past validation
2026-09-20T12:20	drone	finals-detector	[final unseen-city benchmark] 4 synthetic flights on LoveDA tiles 2562-2681 never used in training (alt 0.7/1.0/1.25/1.6, 20-60 objects, 40-120 decoys, 32 frames scored at L0/L1/L2) + the only clean real held-out frames (helsinki 4,12) + 360 object-free fresh-terrain views (tiles 2682-2801); scorer bb3/eval_scene.py extended with FP/frame at fixed recall and per-class AP@.5:.95, new bb3/{make_scene2,mk_negatives,fp_negatives}.py	ft_all (live) helsinki .5:.95 0.9335, synth mean 0.9475, FP@R0.9 0.59, phantoms/empty view 0.058	ft5r helsinki .5:.95 0.9605, synth mean 0.9427, FP@R0.9 0.50, phantoms 0.036; v2 0.9231/0.9541/0.66/0.075; r11 collapses off-city (synth 0.6829, hangar+medium_plane AP 0.000)	serve ft5r for the final (unrouted, verifier off, NEW_THR 0.25), not merged by this lane	mAP@0.5 saturates at 1.000 on every scene for v2/ft_all/ft5r - only .5:.95 and FP/frame rank them. r11 routing (DRONE_WEIGHTS2) is dead on unseen terrain, incl. the routed classes themselves. ft6n (v2 + real_all + 360 fresh-terrain negatives, 10 ep) staged at /workspace/ft6/data_ft6n.yaml but NOT trained: pod.py _gpu_main_guard blocks heavy GPU jobs on POD=gpu and gpu5 is down. Notes drone/FINALS_DETECTOR.md, logs drone/analysis/finals/ VERIFIER A/B (new eval_scene stack: mode = detector.build_detector, the real server stack) on helsinki 4,12 with ft5r: DRONE_VERIFY off .5:.95 0.9668 / FP 3.5 per frame vs on 0.8753 / FP 1.0 - mAP@0.5 1.000 both, verifier damages real classes (small_launcher 0.851->0.576, jammer 0.852->0.702, tank 1.000->0.851) -> keep verifier OFF.
2026-09-20T12:30	drone	session-B	[ft6n] v2 fine-tuned 10 ep on 9000 synth + 3006 real_all + 360 empty-terrain negatives (data_ft6n.yaml, mosaic 1.0 mixup 0.15 degrees 10 flipud 0.5 freeze 10), weights /workspace/ft6/ft6n/weights/last.pt; scored vs ft5r on the unseen-city bench (identical tiles, eval_scene.py + fp_negatives.py on a CLEAN empty set from bg_bench, not the training negs)	ft5r helsinki 4,12 .5:.95 0.9605, synth mean 0.9427, FP@R0.9 0.50, clean phantoms/view@0.25 0.047	ft6n helsinki 0.8732, synth mean 0.8816, FP@R0.9 0.66, phantoms 0.022; per-scene .5:.95 b1 0.858 vs 0.939 / b2 0.906 vs 0.936 / b3 0.915 vs 0.954 / b4 0.848 vs 0.943	REJECTED - keep ft5r	the negatives did cut empty-terrain phantoms in half and that is the only win; on every scene with objects ft6n loses localisation by 0.03-0.09 (Helsinki 11/12 classes down, jet_plane 1.000->0.800) and FP@R0.9 is worse on the synthetic mean. Session A's serve rule was beat ft5r on Helsinki 4+12 AND the negatives: fails the real half. In-sample val mAP50 0.961 is the usual ceiling and does not rank. NEW_THR 0.15 stays: clean empty 0.078 vs 0.047 phantoms/view, still not v2's 50 FP/frame, hold181 +0.019 on new instances. Log /workspace/logs/bgft6eval.log, notes drone/FINAL.md 3.8
2026-09-20T13:05	drone	drone-ensemble	[ensemble] per-view WBF / box-avg / union fusion of ft5r+v2 and ft5r+ft_all on the unseen-city benchmark (12 candidates: wbf 1:1/2:1/3:1 x IoU 0.45/0.55/0.70 with the consensus rescale, avg = weighted box + max score, union = DRONE_UNION/UnionDetector), scored on all three parts + end-to-end latency of the two-model path through server.py on a spare port	ft5r single: helsinki 4,12 .5:.95 0.9605, synth mean 0.9427, FP@R0.9 0.50, phantoms/empty view 0.036, server p50 143 ms (contended pod)	best fusion off-city fa21 (avg 2:1 ft5r+ft_all) 0.9667 = +0.0062 = ONE object (tank 0.925->1.000) and 0.075 phantoms (2.1x); a21 (avg ft5r+v2) 0.9626 / 0.086 (2.4x); union 0.9502-0.9564 / 0.094-0.111 (2.6-3.1x); every consensus-WBF variant LOSES off-city (0.9293-0.9355, IoU and weight inert) while only matching ft5r's phantom rate at a rescaled threshold (w21 0.039 @0.25 = ft5r ~0.021 at the matched 0.375); synth mean favours fusion (w21 0.9546) but that is v2's home turf; latency single 143 / union 251 ms p50 (+108), p90 298 -> 443 ms vs a 333 ms budget	REJECTED - keep the single ft5r, serve command unchanged	Fusing two checkpoints of the SAME lineage (v2 -> ft5r fine-tune) re-averages correlated boxes: it inherits v2's looser localisation (mAP@.5:.95 falls, small_plane 1.000->0.600 on helsinki) and v2's phantoms (2-3x more boxes on object-free fresh terrain) without adding independent evidence, so the MaCVi-2026 thermal-podium WBF result and the Kaggle blending playbook do not transfer. The consensus rescale does not suppress phantoms, it only rescales the score axis - always compare phantom rates at MATCHED operating points. Off-city margins must beat the scene-to-scene spread (0.026); +0.006 on 2 frames is one object. Notes scratchpad finals/drone_ensemble.md, code drone/bb3/fuse_boxes.py + eval_scene.py fuse: spec + lat_fuse.sh, logs /workspace/logs/bg{fh,fs2,fn,lat2}.log
